Crop,Total_Production,Average_Yield,Total_Area,Total_Revenue
Sugarcane,205580.58,8.305139784946237,24711.92,740520004.54
Potato,167660.78,6.607056530214425,25493.7,311506660.08
Tomato,153989.97,6.1048183556405355,25270.84,395766454.29
Maize,129405.35,4.92479125248509,26150.66,252341883.69
Onion,128431.17,5.289275053304904,24140.97,291065281.49
Rice,118055.9,4.6416216216216215,25407.55,291308943.3
Wheat,105757.4,4.180803212851406,25168.08,238680224.4
Cotton,73321.11,3.090692464358452,23710.37,489366343.9
Groundnut,65250.28,2.6449281314168376,24621.96,386256931.43
Millet,64363.2,2.41906191369606,26577.43,196798593.2
