Actual_Yield,Predicted_Yield,Difference
2.8,2.5305035846560857,0.2694964153439141
2.54,2.180059004329005,0.3599409956709949
4.8,4.965924285714288,-0.1659242857142882
5.92,5.678061507936512,0.24193849206348794
4.4,4.355147817460321,0.04485218253967904
8.97,9.01404615079365,-0.044046150793649375
5.94,6.462954404761911,-0.5229544047619106
1.88,2.4328629990379964,-0.5528629990379965
3.09,3.244659444444444,-0.15465944444444402
2.25,2.781456246993747,-0.5314562469937472
2.03,2.207550357142858,-0.17755035714285805
2.77,2.570038227513226,0.19996177248677416
3.01,2.8332597751322752,0.17674022486772456
5.9,6.049364682539682,-0.14936468253968194
6.74,6.4111583862433905,0.3288416137566097
7.42,7.0314969047619025,0.38850309523809745
7.4,7.8043450396825484,-0.4043450396825481
9.2,9.356537380952375,-0.15653738095237557
4.69,4.302552301587301,0.3874476984126991
3.44,3.709142133237132,-0.269142133237132
5.16,4.902930552503053,0.2570694474969475
2.89,2.8676644059644074,0.02233559403559271
6.46,6.191615474155473,0.2683845258445272
2.39,2.547119060846561,-0.1571190608465609
5.72,5.47976698773449,0.24023301226550942
2.41,2.480302341269842,-0.07030234126984203
5.39,5.001085190879381,0.38891480912061827
4.4,4.59182167989418,-0.19182167989418009
4.96,4.912317857142859,0.04768214285714123
2.45,2.540153773448773,-0.09015377344877296
5.77,5.678771931956936,0.09122806804306371
8.6,7.86483882275132,0.7351611772486795
2.71,2.59332357142857,0.1166764285714299
3.04,2.8715930291005294,0.16840697089947065
5.07,4.566636207311208,0.5033637926887922
6.32,6.619728015873015,-0.2997280158730149
10.28,10.094750090187587,0.18524990981241274
5.02,4.198143095238095,0.8218569047619049
4.24,4.59309014550265,-0.35309014550264983
5.22,4.788077910052909,0.4319220899470908
3.2,3.1078310846560844,0.0921689153439158
3.79,3.9547672751322756,-0.16476727513227551
2.46,2.8165078571428586,-0.3565078571428586
2.24,2.1628730952380955,0.07712690476190476
4.83,5.569538333333331,-0.7395383333333312
2.26,2.6188295454545454,-0.3588295454545456
7.9,7.7614771560846565,0.13852284391534386
5.21,4.905372248677253,0.3046277513227471
3.67,3.8069695767195744,-0.13696957671957444
2.72,2.9651206216931243,-0.2451206216931241
3.65,3.4315095274170275,0.21849047258297238
4.62,4.674542308201061,-0.05454230820106076
6.89,6.961304298941801,-0.07130429894180157
6.26,5.730135357605357,0.5298646423946431
2.11,2.6192110582010586,-0.5092110582010587
4.23,3.4766120310245303,0.7533879689754701
2.61,2.7419091666666664,-0.13190916666666652
4.95,5.002501308922561,-0.052501308922560774
3.66,3.679038267195767,-0.019038267195766956
7.81,7.658487962962969,0.15151203703703064
4.12,4.086195846560848,0.033804153439151996
5.46,5.858173756613759,-0.3981737566137591
7.87,7.588580859788356,0.2814191402116437
6.93,6.791483809523814,0.13851619047618602
4.69,4.442216224146223,0.24778377585377775
2.71,2.339040119047619,0.37095988095238086
5.54,5.6266160185185194,-0.08661601851851941
5.74,6.471149431216928,-0.7311494312169282
2.08,2.3591637698412677,-0.2791637698412677
9.54,8.875450050505043,0.6645499494949565
6.91,7.428449642857146,-0.5184496428571457
2.45,2.3441841798941776,0.10581582010582258
2.85,2.540884669312168,0.30911533068783204
2.19,3.0495438888888886,-0.8595438888888887
3.95,4.394091388888889,-0.44409138888888844
5.31,5.739074509379506,-0.42907450937950653
4.08,4.499493452380955,-0.41949345238095503
9.05,9.006801706349211,0.04319829365078931
5.52,5.435930075757576,0.08406992424242343
5.96,6.11305114357865,-0.1530511435786499
6.41,6.63630742063492,-0.22630742063492004
2.36,2.5580169769119765,-0.19801697691197662
3.3,3.095840394420394,0.20415960557960577
4.65,4.395804682539679,0.2541953174603213
2.61,2.78963974987975,-0.17963974987975018
2.01,2.3463722486772487,-0.3363722486772489
3.31,3.3413320658970647,-0.03133206589706461
3.81,3.914904047619047,-0.10490404761904681
4.56,4.490038252678261,0.06996174732173888
2.74,2.577028492063493,0.16297150793650728
5.59,5.222477063492062,0.367522936507938
5.44,5.329759576719577,0.11024042328042327
2.41,2.5161433597883605,-0.10614335978836031
5.41,5.536553915343914,-0.12655391534391391
3.52,3.2019861904761924,0.31801380952380764
5.44,5.0093798581153095,0.4306201418846909
5.16,5.261077843915339,-0.10107784391533858
3.57,4.093005515873015,-0.5230055158730154
2.69,2.401194708994711,0.28880529100528873
3.26,2.768944947089946,0.4910550529100539
7.02,6.747611940836941,0.27238805916305875
4.62,4.496079021164021,0.12392097883597941
6.61,6.606118492063487,0.0038815079365130956
5.7,5.797427817460319,-0.0974278174603187
2.99,2.8342086688311694,0.15579133116883082
7.04,7.18623505291005,-0.14623505291004957
8.37,7.562518888888885,0.8074811111111142
6.81,6.499038320105821,0.310961679894179
6.11,5.6801257696007665,0.4298742303992338
2.28,2.1983930555555546,0.08160694444444516
4.07,4.032907962962963,0.037092037037036896
5.28,4.862059913512416,0.41794008648758396
1.88,1.9146530952380953,-0.034653095238095455
4.68,4.427233333333335,0.25276666666666436
3.35,3.1528288227513235,0.1971711772486766
3.55,3.6893387169312177,-0.1393387169312179
5.86,5.6760519841269845,0.1839480158730158
4.11,4.439431190476191,-0.32943119047619085
5.25,5.794866706349206,-0.5448667063492056
6.97,6.722375780423278,0.24762421957672132
4.36,4.3613553835978855,-0.001355383597885229
4.61,4.550443695286195,0.05955630471380502
4.94,5.044265450640975,-0.10426545064097503
6.25,5.838879380711883,0.41112061928811716
4.9,5.196524044391283,-0.29652404439128244
5.13,5.052374835442335,0.07762516455766466
2.56,2.190354801587303,0.36964519841269716
2.71,2.782262446393763,-0.07226244639376311
4.56,4.6064164589169,-0.046416458916900716
4.6,4.4272023015872985,0.1727976984127011
6.1,5.796707830687834,0.30329216931216596
4.33,4.693533730158733,-0.3635337301587329
8.51,8.699391428571436,-0.18939142857143665
4.1,4.178027037037037,-0.07802703703703706
6.55,6.781291173641175,-0.2312911736411749
2.48,2.4423244312169317,0.037675568783068325
2.53,2.2240163756613747,0.30598362433862514
5.03,5.105969681888321,-0.07596968188832065
9.21,9.314611335978828,-0.10461133597882721
2.15,2.346055449735448,-0.1960554497354483
7.12,7.41330162698413,-0.29330162698413
4.43,4.385838214285716,0.04416178571428375
2.67,2.2407832671957637,0.4292167328042362
2.43,2.5698480820105827,-0.13984808201058252
5.21,5.75124374338624,-0.5412437433862403
4.46,4.369337830687826,0.09066216931217408
3.09,3.13380761904762,-0.04380761904761998
4.26,4.3170451984127025,-0.057045198412702725
3.91,4.5183460582010575,-0.6083460582010574
7.26,7.271230793650795,-0.011230793650795157
2.07,2.10198886243386,-0.03198886243386001
2.02,1.9953733201058192,0.02462667989418077
8.93,8.585232063492066,0.34476793650793347
3.06,2.8328585714285706,0.2271414285714295
8.07,8.070559960317462,-0.0005599603174619716
3.45,3.3775456084656077,0.07245439153439248
6.05,5.281206137566135,0.7687938624338644
5.89,5.938371732804231,-0.048371732804231016
3.16,3.6915213359788392,-0.5315213359788391
2.29,2.022726071428573,0.2672739285714272
6.04,5.890034722222225,0.1499652777777749
7.24,6.819881544011543,0.4201184559884572
3.78,4.6396218285009665,-0.8596218285009667
3.75,3.3994850396825393,0.35051496031746066
4.87,4.952082592592594,-0.08208259259259432
3.91,3.5963299398749404,0.3136700601250597
4.64,4.795141124338621,-0.1551411243386216
4.83,5.172621468253974,-0.34262146825397366
9.73,9.72657705988455,0.0034229401154508565
5.77,5.304322533485034,0.46567746651496567
6.52,6.506775264550266,0.013224735449733238
3.32,2.8642465873015883,0.4557534126984115
5.13,4.667209219576723,0.46279078042327715
5.04,4.796115885040889,0.2438841149591111
6.65,6.831238134920632,-0.18123813492063157
5.05,5.265357793826544,-0.21535779382654407
10.0,9.922252730880226,0.07774726911977403
3.01,3.001467023809524,0.008532976190475772
6.67,6.80653422198172,-0.13653422198172027
4.6,4.340817396584899,0.259182603415101
3.08,3.4757912830687836,-0.39579128306878353
4.58,4.644341255411252,-0.06434125541125191
2.64,2.6155178703703714,0.0244821296296287
7.98,7.764816574074071,0.21518342592592976
2.44,2.501658650793651,-0.06165865079365096
9.39,9.08812242063492,0.3018775793650814
4.69,4.411285515873015,0.2787144841269855
7.39,7.047642208994706,0.34235779100529395
5.45,5.564775183982682,-0.11477518398268138
3.53,3.095516944444444,0.4344830555555559
8.26,8.018102182539678,0.24189781746032146
4.94,5.310888240740736,-0.3708882407407357
3.1,2.849371150793651,0.2506288492063491
5.24,5.706267049062048,-0.46626704906204797
4.24,4.377038373015875,-0.13703837301587463
8.57,8.333546825396825,0.2364531746031755
2.74,2.3947439682539695,0.3452560317460307
5.19,5.346137817460321,-0.15613781746032096
5.3,5.211719136141633,0.0882808638583672
3.87,3.6475292592592603,0.2224707407407398
3.06,3.0804751719576706,-0.020475171957670568
4.08,4.066016547619046,0.013983452380953665
3.27,2.9255040139490136,0.3444959860509864
10.66,10.18811494829245,0.4718850517075506
2.85,2.79626171957672,0.053738280423280216
2.47,2.3527920370370365,0.11720796296296365
2.64,2.3350127609427602,0.3049872390572399
2.04,2.5485018145743137,-0.5085018145743136
6.44,6.596837050264551,-0.1568370502645502
3.89,3.858680767195768,0.03131923280423221
2.64,2.8220817712842714,-0.18208177128427128
4.43,4.378629947089945,0.051370052910054476
3.26,3.867688055555556,-0.6076880555555562
7.54,8.194385595238094,-0.6543855952380939
2.39,2.5753100793650803,-0.18531007936508015
3.58,3.305697976190477,0.2743020238095233
3.88,3.637340912698412,0.24265908730158792
5.58,5.345805515873014,0.23419448412698607
5.03,4.890229549690455,0.1397704503095456
2.97,2.8871139754689743,0.08288602453102589
5.0,5.147699293854295,-0.14769929385429492
5.49,4.7920008312983295,0.6979991687016707
2.78,2.6638908333333338,0.11610916666666604
5.49,5.151803547748548,0.33819645225145223
8.52,7.956387579365081,0.5636124206349189
5.74,5.998749444444443,-0.2587494444444429
3.36,3.6034216666666663,-0.24342166666666643
6.6,6.700712103174606,-0.10071210317460633
5.14,5.050134113756615,0.08986588624338498
3.71,3.6397901130351116,0.07020988696488839
5.62,5.209847113346892,0.41015288665310834
8.77,8.631480119047616,0.13851988095238355
4.21,4.342970198412698,-0.13297019841269808
5.54,6.303896547619048,-0.7638965476190478
1.78,2.429599776334776,-0.6495997763347761
2.59,2.4818546825396806,0.1081453174603193
8.26,8.897100251322751,-0.6371002513227513
6.46,6.056925595238098,0.40307440476190237
4.63,4.90266742063492,-0.27266742063492
2.5,2.511600330687832,-0.011600330687831839
4.85,4.440214289321791,0.409785710678209
2.4,2.643441025733526,-0.24344102573352622
3.94,4.489422156084656,-0.5494221560846557
5.66,5.512454510582013,0.14754548941798706
4.09,3.8366093783068784,0.25339062169312143
6.98,7.422979166666662,-0.44297916666666115
2.68,2.554231415343916,0.12576858465608431
2.81,2.712437936507938,0.0975620634920622
3.28,3.5841579365079377,-0.3041579365079379
3.64,3.65689628306878,-0.016896283068779994
5.75,5.7519617724867755,-0.001961772486775537
5.31,5.177482830687832,0.13251716931216784
5.21,4.554589676279604,0.6554103237203961
4.91,4.466471313131316,0.4435286868686843
7.49,7.750623399470896,-0.2606233994708962
6.78,6.800777305194806,-0.02077730519480614
3.21,3.0777404497354515,0.1322595502645485
4.01,3.862044232804235,0.14795576719576475
2.64,2.6973616798941804,-0.057361679894180284
3.66,3.6246194047619036,0.03538059523809656
4.31,4.22276683862434,0.08723316137565984
3.66,3.04080615079365,0.6191938492063502
2.74,2.679834576719577,0.06016542328042318
5.15,5.2232933946608915,-0.07329339466089113
5.73,5.564042195767191,0.1659578042328098
3.93,4.338932949735454,-0.40893294973545347
3.09,2.8095756746031753,0.2804243253968246
4.53,4.4746961355311345,0.055303864468865704
10.25,9.638195833333338,0.611804166666662
3.17,2.899638174603179,0.27036182539682097
3.75,4.046162129629629,-0.2961621296296286
5.55,5.646297248677247,-0.09629724867724754
2.32,2.6433334656084653,-0.32333346560846543
5.99,5.922220962077139,0.06777903792286111
4.85,4.5945834523809514,0.2554165476190482
5.73,5.861143566161505,-0.13114356616150413
3.25,3.075530436507938,0.1744695634920621
4.37,4.628057063492066,-0.2580570634920658
6.27,6.255366944444447,0.014633055555552943
5.22,5.3953013227513225,-0.1753013227513227
5.37,5.47231571428571,-0.10231571428570962
5.78,5.553413891293893,0.2265861087061074
4.1,4.083809312169314,0.01619068783068567
2.67,2.3882757984607976,0.2817242015392023
5.66,5.983897869450811,-0.32389786945081056
2.22,2.5743707142857137,-0.35437071428571354
3.04,2.7532493650793635,0.28675063492063657
2.81,2.747583928571429,0.06241607142857086
2.05,2.324806402116403,-0.27480640211640317
2.08,2.409860052910053,-0.3298600529100528
2.61,2.5682944708994717,0.04170552910052816
3.5,3.432868082010581,0.06713191798941898
2.55,3.1883565343915334,-0.6383565343915336
6.57,6.7005208201058215,-0.13052082010582122
3.15,2.9226387698412717,0.22736123015872822
3.91,3.919483399470897,-0.009483399470896714
4.34,4.43768236772487,-0.09768236772486993
1.87,2.1770581613756614,-0.30705816137566133
4.24,4.561015370370367,-0.3210153703703664
2.22,2.374774232804232,-0.15477423280423164
4.98,5.144031037157287,-0.16403103715728662
7.34,7.158246468253964,0.18175353174603615
2.62,2.6927124338624355,-0.07271243386243542
3.12,3.3064461507936516,-0.18644615079365146
2.85,2.3932607539682547,0.4567392460317454
4.75,4.38960390933141,0.3603960906685897
5.98,6.518845595238103,-0.5388455952381026
5.19,4.527905952380953,0.6620940476190471
5.97,6.346716574074074,-0.37671657407407455
2.22,2.3262912301587306,-0.10629123015873043
5.84,5.830646406926411,0.009353593073589295
5.42,5.745733370610874,-0.32573337061087404
4.33,4.59409478835979,-0.26409478835978994
2.0,2.266958055555558,-0.2669580555555582
6.13,6.356277222222224,-0.22627722222222424
5.82,5.924997645785588,-0.10499764578558768
3.07,3.157349011544012,-0.08734901154401209
5.62,5.609108351648356,0.010891648351644356
2.61,2.242804563492066,0.36719543650793396
3.24,3.3406703968253986,-0.10067039682539836
9.5,9.440945701058208,0.05905429894179193
3.32,2.8504918783068782,0.4695081216931216
2.53,2.5942462301587286,-0.06424623015872877
8.37,8.792088809523815,-0.42208880952381556
7.74,7.930554547859547,-0.19055454785954673
6.16,6.323469325396835,-0.1634693253968349
5.77,6.322718330928337,-0.5527183309283377
2.77,2.45792259259259,0.31207740740740997
4.01,3.1140439153439146,0.8959560846560852
5.56,5.726830079365083,-0.16683007936508343
2.19,2.371972433862434,-0.181972433862434
3.49,3.9060569841269817,-0.41605698412698144
3.15,2.8429255423280426,0.3070744576719573
3.24,3.3507809920634934,-0.11078099206349323
3.52,3.1660110714285734,0.3539889285714266
3.69,3.3525336111111117,0.33746638888888825
5.32,5.209929293905555,0.11007070609444547
6.01,6.467458425925927,-0.45745842592592734
2.3,2.0337703571428563,0.26622964285714357
3.49,3.543349444444442,-0.05334944444444201
4.67,4.884565436507938,-0.2145654365079377
9.31,8.984335476190472,0.3256645238095288
5.72,5.524398344988348,0.19560165501165194
5.37,5.3394367328042325,0.03056326719576763
5.58,5.422181284086286,0.15781871591371388
7.68,7.483946124338625,0.19605387566137455
2.52,2.541707539682537,-0.021707539682537025
4.48,4.243905321067824,0.23609467893217673
7.12,7.071206111111105,0.0487938888888948
5.31,5.365871354016354,-0.05587135401635468
2.36,2.2226576587301605,0.13734234126983935
6.23,6.0715546428571425,0.1584453571428579
4.77,4.900570952380951,-0.1305709523809515
4.22,4.201024814814815,0.018975185185184706
5.16,4.849149467846966,0.31085053215303393
4.72,4.385472261904761,0.3345277380952387
6.45,6.4013279894179895,0.04867201058201065
5.46,5.827647685185187,-0.36764768518518665
4.38,4.469670714285712,-0.08967071428571227
5.49,5.424500850260847,0.0654991497391535
2.48,2.135638306878306,0.34436169312169396
5.14,5.3931199206349225,-0.25311992063492283
3.77,3.7429578571428594,0.027042142857140572
9.29,9.208807724867725,0.081192275132274
4.15,3.63260037037037,0.5173996296296304
4.63,4.642965727513231,-0.012965727513231329
9.8,9.5036689021164,0.29633109788360024
7.24,7.151598809523809,0.08840119047619144
3.11,2.7443869372294376,0.36561306277056227
5.22,4.825803015873017,0.39419698412698256
6.31,6.879284837662337,-0.5692848376623374
4.41,4.5102681613756594,-0.1002681613756593
4.85,4.700936571973347,0.1490634280266523
2.38,2.3565793253968264,0.02342067460317354
5.55,5.6407886375661365,-0.09078863756613664
8.33,7.574925555555548,0.7550744444444524
4.61,4.638699417989413,-0.028699417989412446
1.98,2.4047150529100536,-0.4247150529100536
5.04,5.273294365079368,-0.2332943650793684
4.39,4.745786390091391,-0.35578639009139135
6.62,7.036635171957673,-0.4166351719576733
4.13,3.7537109126984114,0.3762890873015885
2.67,2.584422498982499,0.08557750101750106
3.73,3.398307156084655,0.33169284391534504
2.27,2.230894801587301,0.03910519841269888
6.67,6.764277338864843,-0.0942773388648428
3.92,3.7172078174603187,0.20279218253968123
2.97,2.73356619047619,0.2364338095238101
3.11,2.8513951984126984,0.2586048015873015
4.07,4.621557539682542,-0.5515575396825421
5.18,4.9673125264550295,0.2126874735449702
5.14,4.740244650325305,0.3997553496746944
6.17,5.478873578458579,0.691126421541421
6.8,7.036979007936505,-0.2369790079365055
6.82,7.166889682539689,-0.34688968253968877
1.69,2.368239166666665,-0.678239166666665
6.11,6.090553941798943,0.019446058201057603
6.66,6.096172539682542,0.5638274603174578
5.65,5.49142285714286,0.15857714285714053
9.82,9.153220555555555,0.6667794444444457
4.6,4.531517064694565,0.06848293530543437
8.88,8.92503686507937,-0.04503686507936955
4.16,3.971119960317459,0.18888003968254097
3.84,3.946466785714287,-0.10646678571428714
3.94,3.404677063492066,0.5353229365079342
3.73,3.9501409126984126,-0.22014091269841263
5.18,4.699633481240979,0.4803665187590207
2.35,2.427472883597883,-0.07747288359788307
2.88,2.708522037037037,0.17147796296296303
3.38,3.988072182539685,-0.6080721825396851
6.8,6.730972301587305,0.06902769841269496
4.31,4.088578015873018,0.221421984126982
2.4,2.2629258068783074,0.13707419312169256
5.26,5.676702352369853,-0.4167023523698532
3.88,3.6531381349206358,0.22686186507936412
7.98,7.901092896825392,0.07890710317460847
2.62,2.337479682539681,0.28252031746031925
5.13,5.509980714285714,-0.3799807142857139
5.07,5.223388499278502,-0.15338849927850173
2.93,2.7146036111111105,0.21539638888888968
6.96,6.469414801587303,0.4905851984126972
2.34,2.2455781746031764,0.09442182539682342
6.95,7.140634007936501,-0.19063400793650054
2.53,3.4285740079365103,-0.8985740079365105
4.89,5.135639032614938,-0.24563903261493802
4.52,4.016447460317459,0.5035525396825404
3.09,3.2109987830687823,-0.12099878306878242
5.14,5.271305256410256,-0.13130525641025592
10.43,10.228647196969694,0.20135280303030534
4.44,5.030753505291002,-0.5907535052910013
2.11,2.472884130036629,-0.3628841300366292
3.58,2.9298997347535516,0.6501002652464485
3.31,3.383892132034629,-0.07389213203462885
3.39,3.3826959126984084,0.007304087301591711
3.38,3.869686296296292,-0.48968629629629223
1.97,2.1366131878306884,-0.16661318783068846
3.2,3.162926785714286,0.037073214285713973
4.88,5.527179416786914,-0.6471794167869138
5.22,5.29850188311688,-0.07850188311688022
4.39,5.069851719576719,-0.6798517195767193
4.24,4.433629100529098,-0.19362910052909754
5.8,5.911037526455029,-0.1110375264550294
4.71,4.791259882987382,-0.08125988298738207
6.85,6.040035306637806,0.8099646933621933
3.17,3.318498174603176,-0.14849817460317594
5.54,5.378792719918968,0.16120728008103224
5.59,5.5711732539682535,0.01882674603174639
4.42,4.706604621212122,-0.28660462121212227
9.34,9.516856001683491,-0.17685600168349147
6.21,5.925899391534389,0.2841006084656108
5.61,5.503801084656084,0.10619891534391623
2.41,2.7105620105820103,-0.30056201058201015
2.78,2.821559710197212,-0.04155971019721205
4.1,4.272839444444443,-0.17283944444444366
3.14,2.756340992063494,0.3836590079365063
4.78,4.384710714285717,0.39528928571428334
5.97,6.215729537037036,-0.24572953703703604
4.14,4.445743478835982,-0.3057434788359821
7.56,7.775598689273687,-0.21559868927368697
10.32,10.014474819624816,0.3055251803751844
6.58,6.72809173280423,-0.14809173280422971
3.44,3.358320595238095,0.08167940476190516
8.96,8.468644312169317,0.4913556878306835
4.32,4.638252676767676,-0.3182526767676759
2.55,2.7818765740740736,-0.2318765740740738
5.02,4.573928584656081,0.44607141534391825
3.29,3.645111507936508,-0.3551115079365079
5.91,5.598737608225103,0.3112623917748971
5.16,4.805210431697929,0.3547895683020714
3.78,3.8559524434824435,-0.07595244348244368
5.23,5.492999065656565,-0.2629990656565644
6.21,6.746798703703707,-0.536798703703707
2.75,2.6364258910533906,0.11357410894660935
6.91,6.666885793650798,0.243114206349202
4.68,4.487547632275133,0.19245236772486685
5.87,5.271799246494244,0.5982007535057559
6.61,6.307426481481485,0.302573518518515
3.31,3.204121177248676,0.1058788227513241
5.18,5.417731693121692,-0.23773169312169262
4.62,4.633482222222224,-0.013482222222223506
9.16,9.386183452380955,-0.22618345238095472
5.13,4.831078310809704,0.29892168919029594
2.91,2.6845529148629153,0.2254470851370849
3.41,3.3457253968253986,0.06427460317460154
5.13,5.187826829466832,-0.057826829466832486
2.94,3.4573725000000004,-0.5173725000000005
4.8,4.884403127289376,-0.08440312728937638
6.84,6.634151177248681,0.2058488227513191
1.7,2.2966713455988463,-0.5966713455988464
5.95,6.154935721500728,-0.20493572150072747
6.66,6.41700863756614,0.24299136243385977
5.74,6.049516838624337,-0.30951683862433654
7.83,7.958555648148155,-0.12855564814815512
5.12,5.634169325396819,-0.5141693253968187
5.94,5.774316970899473,0.1656830291005278
2.82,2.48026246031746,0.33973753968253995
8.01,8.54213112433863,-0.5321311243386297
2.48,2.6461723268398276,-0.16617232683982763
8.62,8.571741997354502,0.048258002645496845
4.3,4.180107182539687,0.11989281746031288
4.09,3.751066269841269,0.33893373015873074
2.37,2.441113452380952,-0.07111345238095179
4.5,4.308327050264549,0.1916729497354508
6.43,6.733869960317459,-0.30386996031745905
6.86,7.380003835978843,-0.5200038359788426
2.43,2.5844270634920616,-0.15442706349206148
3.15,2.7318042460317464,0.4181957539682535
2.45,2.5251074603174604,-0.07510746031746018
5.07,5.353051669451405,-0.2830516694514049
2.69,2.8176242195767207,-0.12762421957672077
7.65,6.899268134920643,0.7507318650793575
2.44,2.846691666666666,-0.40669166666666623
3.1,3.1143710185185207,-0.014371018518520629
2.22,2.2657124470899466,-0.04571244708994637
2.34,2.273314325396826,0.06668567460317387
7.78,7.594408888888885,0.18559111111111548
9.0,9.405104585137076,-0.40510458513707626
4.08,4.409691426166426,-0.3296914261664261
2.03,2.2611910582010584,-0.23119105820105856
2.74,2.521394272486775,0.21860572751322538
2.67,3.0432575000000015,-0.3732575000000016
3.7,3.67031253968254,0.029687460317460168
1.74,1.9130259788359805,-0.17302597883598048
2.13,2.2183714153439165,-0.08837141534391657
2.63,2.4049877645502638,0.22501223544973614
4.42,4.638757288359788,-0.2187572883597877
7.31,7.4232154497354506,-0.11321544973545095
4.19,4.132946190476189,0.05705380952381134
1.9,2.3569497222222235,-0.45694972222222363
3.36,3.492708571428571,-0.13270857142857118
4.53,4.344772764550265,0.18522723544973552
2.67,3.2501136111111113,-0.5801136111111114
6.96,6.775408320105816,0.1845916798941838
6.0,6.12415677248677,-0.12415677248676982
3.83,3.625682235449734,0.2043177645502663
2.3,2.7835235714285718,-0.48352357142857194
5.69,5.382794166666667,0.3072058333333336
4.64,5.027103240740744,-0.3871032407407444
1.78,2.292725555555554,-0.5127255555555539
5.39,5.312568298247451,0.07743170175254832
3.17,2.957253505291007,0.21274649470899298
2.05,2.1479140211640213,-0.09791402116402148
2.24,2.1958958597883576,0.04410414021164266
2.14,2.258560251322751,-0.11856025132275105
5.16,5.229903809523809,-0.06990380952380892
3.68,3.6772768614718614,0.0027231385281387688
2.77,2.9195560714285715,-0.14955607142857152
7.24,7.002088875661377,0.23791112433862338
4.17,4.554517427248679,-0.3845174272486789
6.9,6.299170555555553,0.6008294444444475
2.5,2.702330238095238,-0.2023302380952381
6.02,5.613601103896106,0.40639889610389357
7.15,7.049808849206352,0.10019115079364838
4.32,4.141225132275133,0.17877486772486773
6.26,5.828770198412699,0.4312298015873006
6.07,6.285533730158732,-0.21553373015873145
6.28,6.005327711640212,0.2746722883597883
4.83,5.210842182539687,-0.3808421825396868
5.68,5.693329218374216,-0.01332921837421619
3.42,3.5889347655122665,-0.1689347655122666
8.64,8.139654426129427,0.5003455738705735
7.21,6.937140045695043,0.27285995430495724
2.3,2.6503347751322774,-0.3503347751322776
3.34,2.992248267195771,0.347751732804229
3.33,3.4182183333333334,-0.08821833333333329
7.7,7.214623326118323,0.48537667388167716
5.36,4.979548446553451,0.3804515534465489
6.14,5.622406007326007,0.5175939926739925
3.66,4.256836964285716,-0.5968369642857159
3.03,3.0115649206349215,0.018435079365078266
9.07,9.01759738095239,0.052402619047610344
4.96,5.063320894660889,-0.10332089466088945
4.52,5.0670705824676405,-0.547070582467641
8.0,7.737757619047617,0.26224238095238306
7.02,6.954735925925929,0.06526407407407042
2.72,2.6484726587301597,0.0715273412698405
6.46,6.104802579365075,0.35519742063492465
9.22,9.315449325396827,-0.09544932539682627
2.42,2.2495245502645504,0.17047544973544948
3.38,3.0685523148148155,0.3114476851851844
4.89,5.139180357530759,-0.24918035753075962
4.43,4.356110780423279,0.07388921957672068
2.16,2.276748941798943,-0.11674894179894268
5.37,5.249397301587305,0.12060269841269466
3.82,3.270144523809524,0.5498554761904759
4.15,4.138762910052911,0.011237089947089274
3.04,2.94841357142857,0.09158642857142985
2.69,2.6758015656565646,0.014198434343435373
4.86,4.40372802910053,0.45627197089947025
2.32,2.6798679894179864,-0.3598679894179866
5.89,5.657798555866798,0.2322014441332021
2.77,2.8576142195767202,-0.08761421957672022
5.15,4.959209285714287,0.19079071428571304
3.91,3.994537552910054,-0.08453755291005383
3.44,2.9781275108225107,0.46187248917748924
5.13,4.917934126984131,0.21206587301586932
3.31,3.051592116402114,0.258407883597886
5.67,5.110319470899472,0.559680529100528
3.86,4.219392380952378,-0.35939238095237824
6.86,6.958208611111102,-0.0982086111111018
5.82,5.353659126984125,0.46634087301587535
5.36,5.0910178439153375,0.2689821560846628
3.86,4.167557658730161,-0.3075576587301607
9.51,9.087912763347758,0.4220872366522421
4.75,4.547850595238093,0.20214940476190701
5.8,5.859772486032491,-0.0597724860324913
8.13,7.595653597883597,0.5343464021164035
7.87,8.329469034391531,-0.45946903439153086
4.23,4.100803888888891,0.12919611111110907
7.09,7.282704722222221,-0.19270472222222157
5.23,5.194327578872221,0.035672421127779685
2.68,2.837090939153441,-0.15709093915344097
2.76,2.8535197619047623,-0.09351976190476252
5.61,5.707304906204904,-0.0973049062049034
8.15,7.9233813359788305,0.2266186640211698
2.46,2.439222076719576,0.020777923280423938
5.87,5.721137539682541,0.1488624603174591
7.49,7.236423809523805,0.2535761904761955
2.56,2.8647842989417995,-0.3047842989417995
5.96,5.491857347282351,0.4681426527176491
5.75,5.360933454691021,0.389066545308979
2.62,2.531907569745071,0.08809243025492908
3.33,3.2277483333333317,0.1022516666666684
6.49,6.183766071428569,0.30623392857143106
6.43,6.313691984126985,0.11630801587301498
5.3,5.562091507936511,-0.26209150793651137
5.52,5.169281230158734,0.35071876984126593
4.2,4.498230160533914,-0.2982301605339135
6.1,6.1026696296296326,-0.002669629629632908
3.16,2.969992711640212,0.19000728835978808
6.51,6.0315298015873,0.4784701984127002
4.47,3.9442205291005266,0.5257794708994732
2.17,2.5397348280423278,-0.3697348280423278
8.03,7.758864007936513,0.2711359920634866
6.92,7.054105238095235,-0.134105238095235
4.15,4.381650039682543,-0.23165003968254272
4.78,4.761168357753356,0.01883164224664391
2.93,3.1043285317460327,-0.17432853174603258
6.59,6.656021984126988,-0.06602198412698801
5.81,5.7935717821067785,0.01642821789322113
8.48,8.378016666666666,0.10198333333333487
4.0,4.265603650793653,-0.2656036507936532
3.42,3.162417857142853,0.25758214285714676
7.03,6.953010066137566,0.07698993386243469
4.19,4.0562842628667655,0.13371573713323492
6.12,5.815016612554117,0.3049833874458834
4.81,4.88375535765161,-0.07375535765161079
4.83,4.818480888931331,0.011519111068668764
3.4,3.144137420634923,0.25586257936507684
6.12,6.69396141534392,-0.5739614153439199
5.33,4.974675753968257,0.35532424603174295
7.3,7.579524359991869,-0.27952435999186953
2.91,2.900432830687831,0.009567169312169277
8.2,8.548222513227513,-0.34822251322751363
7.48,7.534680833333332,-0.05468083333333151
2.86,2.9760127633477613,-0.11601276334776145
3.64,3.3018053571428574,0.33819464285714274
1.59,2.16660861111111,-0.5766086111111097
2.55,2.3799008958633956,0.17009910413660423
3.53,3.5803800396825394,-0.05038003968253957
6.03,6.233258558201058,-0.20325855820105776
6.01,6.294172817460317,-0.2841728174603171
2.61,2.722137460317461,-0.11213746031746119
4.46,4.995410357142855,-0.5354103571428555
4.57,4.364342076719581,0.20565792328041965
3.53,3.6456606746031737,-0.11566067460317386
4.47,4.079013267195769,0.39098673280423046
5.1,4.828708819143818,0.2712911808561813
4.58,4.49645259259259,0.08354740740741029
6.0,5.452617288359784,0.5473827116402159
5.73,5.695474523809521,0.03452547619047941
4.36,4.676020864783369,-0.31602086478336844
5.31,5.111153921353983,0.19884607864601644
3.91,4.153365171957669,-0.24336517195766927
5.58,5.431484956062456,0.148515043937544
2.98,3.0609537698412703,-0.08095376984127034
3.05,3.0230928174603164,0.026907182539683383
4.43,4.605880316627815,-0.1758803166278149
1.85,2.3362987698412696,-0.4862987698412695
5.38,5.213052764874161,0.1669472351258392
2.26,2.067398915343914,0.19260108465608594
6.79,6.922947936507932,-0.13294793650793224
4.13,4.276389444444446,-0.1463894444444458
3.79,3.889863029100527,-0.09986302910052691
7.82,8.121317142857144,-0.30131714285714395
2.65,2.3684790873015884,0.2815209126984115
3.23,3.186369656084657,0.04363034391534315
2.75,2.7834645105820117,-0.03346451058201172
5.47,5.745768994708998,-0.27576899470899807
8.66,8.266480436507939,0.3935195634920614
2.67,2.791154047619046,-0.12115404761904625
6.96,6.872376568986573,0.0876234310134274
5.29,5.474527095959598,-0.1845270959595977
2.68,2.9246221164021184,-0.24462211640211828
4.42,4.761512063492065,-0.34151206349206475
2.72,2.48588784872535,0.23411215127465024
2.9,2.6265493915343914,0.27345060846560854
6.52,6.216508238406476,0.30349176159352353
5.01,4.7418502910052895,0.26814970899471025
2.78,2.7604749603174605,0.01952503968253927
5.47,5.012304841269841,0.457695158730159
5.87,6.096696428571425,-0.22669642857142502
2.52,2.5079949603174585,0.012005039682541518
5.34,5.347012139804643,-0.007012139804642992
7.35,7.2223487169312115,0.12765128306878815
5.55,5.512186904761905,0.03781309523809462
2.21,2.371112081529581,-0.161112081529581
9.01,8.973241547619045,0.036758452380954765
2.67,2.80681734126984,-0.13681734126984013
2.29,2.6334813888888893,-0.34348138888888924
3.41,2.9168414285714306,0.49315857142856956
1.93,2.351211582491581,-0.42121158249158097
2.44,2.1211505555555545,0.3188494444444454
3.37,3.821964060846561,-0.45196406084656093
4.11,4.481608716931219,-0.37160871693121855
5.33,5.281707823083347,0.048292176916652885
5.62,5.690249232804233,-0.07024923280423323
5.83,5.926482195767195,-0.0964821957671953
5.22,4.9872251534473415,0.23277484655265823
7.0,6.865248505291001,0.13475149470899872
5.33,5.214414735449733,0.1155852645502673
4.22,4.297372156084654,-0.07737215608465409
5.23,4.856591022408964,0.3734089775910361
2.81,2.832593293650794,-0.02259329365079399
6.57,6.616624616402118,-0.04662461640211735
2.2,2.4630533333333333,-0.26305333333333314
1.9,2.2940300180375184,-0.39403001803751847
4.84,4.533351587301585,0.30664841269841503
8.68,8.959837976190478,-0.27983797619047834
6.93,6.175965066137562,0.7540349338624379
2.89,2.6229307804232813,0.2670692195767188
5.39,4.9928155687830715,0.39718443121692815
2.69,2.543632252284751,0.14636774771524896
3.05,3.1164791269841254,-0.06647912698412561
2.4,2.2758076851851854,0.12419231481481452
4.93,4.634891521349022,0.29510847865097745
2.34,2.463126908369408,-0.1231269083694082
2.29,2.2409401455026456,0.049059854497354394
2.1,2.1106380555555546,-0.010638055555554526
2.64,2.8400540476190472,-0.2000540476190471
2.26,2.1951854365079337,0.06481456349206605
3.93,3.693253637566136,0.23674636243386438
2.47,2.5742882804232794,-0.1042882804232792
2.93,2.6909845502645506,0.23901544973544953
3.55,3.253464166666668,0.29653583333333167
2.88,2.8806605952380973,-0.0006605952380973612
1.5,2.0956697883597895,-0.5956697883597895
6.97,6.839747513227516,0.13025248677248413
2.5,2.6241857936507933,-0.1241857936507933
7.57,7.648120582010585,-0.0781205820105848
2.24,2.340288784271285,-0.10028878427128474
7.21,6.588446190476193,0.6215538095238067
5.33,6.005054404761912,-0.6750544047619123
2.54,2.7774216005291,-0.2374216005291001
3.1,3.7903180555555527,-0.6903180555555526
6.49,6.459133373015865,0.030866626984135337
3.02,2.808932341269843,0.21106765873015698
7.01,7.0662721717171655,-0.0562721717171657
7.92,7.7168564682539635,0.2031435317460364
3.6,3.307583425925925,0.2924165740740752
2.12,2.5614027380952398,-0.44140273809523967
6.36,6.1619560714285715,0.19804392857142883
2.12,2.28786193121693,-0.16786193121693005
8.0,8.780434271284273,-0.7804342712842729
2.66,2.8996636904761894,-0.2396636904761893
3.61,3.0845395983645987,0.5254604016354012
4.11,4.349998994708997,-0.23999899470899688
4.96,5.180220436507936,-0.22022043650793588
6.65,6.535420740740741,0.11457925925925938
3.19,3.087389484126986,0.10261051587301395
6.2,5.860760251322749,0.33923974867725093
3.27,3.5497585185185154,-0.2797585185185154
2.43,2.522204393939394,-0.09220439393939373
8.09,7.809706230158731,0.2802937698412684
7.83,7.203674246031744,0.6263257539682563
4.06,4.438014272486769,-0.37801427248676944
2.83,2.800343505291004,0.029656494708996117
3.78,3.884541349206347,-0.10454134920634717
5.9,5.6364408523665865,0.2635591476334138
3.09,2.8973037950937948,0.1926962049062051
5.07,4.843590055480576,0.22640994451942387
5.58,4.961753600566096,0.6182463994339038
4.4,4.339632261904768,0.060367738095232326
5.72,5.559018269600769,0.16098173039923047
5.64,5.418711190476184,0.22128880952381547
4.17,4.675506174162666,-0.5055061741626661
4.29,4.4327354365079366,-0.14273543650793652
8.82,9.056537045454538,-0.23653704545453813
5.13,5.289413015873013,-0.15941301587301293
5.86,5.392058201058201,0.46794179894179955
9.04,9.448092592592596,-0.4080925925925971
5.37,5.834756905224404,-0.46475690522440427
4.59,4.564953002645504,0.02504699735449556
3.12,3.2195409656084664,-0.09954096560846626
10.27,10.012713360990858,0.2572866390091413
4.67,4.29154414021164,0.37845585978836027
3.2,2.7203228968253965,0.47967710317460366
5.24,5.342668565795803,-0.10266856579580264
2.76,3.2704528968253967,-0.510452896825397
5.96,5.72324749461323,0.23675250538676984
1.79,2.4390702465127436,-0.6490702465127436
3.05,2.9158677777777786,0.1341322222222212
2.54,2.2942366233766243,0.24576337662337577
8.58,8.3852175,0.19478250000000052
5.44,5.609217010582014,-0.16921701058201322
4.3,3.6854277513227527,0.6145722486772471
5.13,5.3242763327510705,-0.1942763327510706
5.43,5.716414712602211,-0.28641471260221163
10.26,9.743606891534396,0.5163931084656035
3.81,3.6953835449735464,0.11461645502645368
7.55,7.064576494708987,0.4854235052910125
3.08,2.8099900529100523,0.27000994708994774
5.73,5.586985515873012,0.14301448412698825
6.3,5.881519113756615,0.4184808862433851
6.24,6.061742696078431,0.17825730392156913
4.49,4.862317494218745,-0.3723174942187448
1.87,2.054788968253969,-0.18478896825396873
3.6,4.230028531746032,-0.6300285317460319
3.73,3.2950816402116394,0.4349183597883606
8.39,8.434443373015874,-0.04444337301587353
7.46,7.047919722222221,0.412080277777779
7.07,6.77283035714286,0.2971696428571402
4.69,4.690165731984389,-0.00016573198438862846
3.91,4.031839351851852,-0.12183935185185213
9.56,9.26519186507936,0.29480813492063973
7.46,7.0762167460317364,0.3837832539682635
3.06,2.7243987037037036,0.3356012962962964
5.07,5.175447773890053,-0.10544777389005233
2.45,2.5732493518518513,-0.12324935185185115
6.31,5.877130071225074,0.4328699287749256
3.54,3.488815687830687,0.051184312169313184
2.74,2.5911213492063476,0.1488786507936526
5.19,4.937696836219341,0.25230316378065964
5.68,5.621832403337407,0.0581675966625923
5.59,5.421172091427091,0.16882790857290875
5.24,5.519257182539685,-0.279257182539685
4.91,5.097435899470899,-0.18743589947089845
4.91,5.186667310744811,-0.276667310744811
3.04,3.3160040476190487,-0.2760040476190486
5.65,5.072430330687831,0.5775696693121697
5.39,5.123300477716867,0.2666995222831323
8.16,8.103540925925936,0.056459074074064475
8.6,8.424240820105817,0.17575917989418244
3.96,4.308120793650795,-0.3481207936507946
3.0,2.4641885052910046,0.5358114947089954
6.01,5.873280221260223,0.13671977873977692
6.36,6.710885595238095,-0.35088559523809426
5.27,4.91225646825397,0.3577435317460296
4.34,4.369296772486773,-0.02929677248677276
5.26,5.096772319624821,0.16322768037517843
4.47,4.3996953703703685,0.07030462962963124
5.59,5.663741957671958,-0.07374195767195779
9.81,9.922937473544973,-0.11293747354497263
4.22,4.439925767195768,-0.21992576719576817
3.62,3.551558756613755,0.06844124338624491
10.19,9.620231904761903,0.5697680952380964
1.79,1.9521619973544975,-0.16216199735449743
4.37,4.876153251563256,-0.5061532515632559
2.35,2.640471910774413,-0.2904719107744129
5.82,5.590774179894181,0.22922582010581927
8.56,9.003026212121215,-0.4430262121212145
3.83,3.7063168650793674,0.12368313492063265
6.01,5.650665105820109,0.3593348941798906
3.12,3.1953609523809514,-0.07536095238095131
5.26,5.221048813593812,0.03895118640618822
2.52,2.4581813756613755,0.061818624338624506
7.15,7.074962261904765,0.07503773809523562
4.37,3.91394899470899,0.4560510052910103
2.76,2.797670383597882,-0.03767038359788222
4.31,4.42777420634921,-0.11777420634921043
3.09,2.695073672438672,0.39492632756132773
4.25,4.553312325637329,-0.3033123256373287
2.5,2.3798122222222218,0.12018777777777823
8.49,8.140048783068774,0.3499512169312258
5.04,5.2254024558774566,-0.18540245587745652
8.23,8.097908941798943,0.13209105820105727
4.96,4.978103275963801,-0.018103275963801124
2.65,2.67268332852333,-0.022683328523330104
5.03,4.906884432003324,0.12311556799667667
5.01,5.039340007215009,-0.0293400072150094
6.84,6.985566233766229,-0.14556623376622913
5.53,5.054049761904764,0.47595023809523607
3.02,2.8962744576719572,0.12372554232804278
4.78,5.163702744107745,-0.38370274410774474
5.34,5.170022808283334,0.16997719171666592
6.6,6.965062423687422,-0.36506242368742203
4.82,4.7334235449735464,0.08657645502645384
2.23,2.454786706349206,-0.22478670634920617
7.13,7.1647169841269855,-0.03471698412698565
2.67,2.3045980423280428,0.36540195767195716
4.95,4.539983452380956,0.41001654761904405
7.63,7.084059484126983,0.5459405158730171
5.78,5.49640949134199,0.28359050865801017
5.84,5.707027486772484,0.13297251322751613
3.82,3.9192444047619035,-0.09924440476190366
5.53,5.802767273929779,-0.2727672739297784
6.95,7.047471574074075,-0.09747157407407503
4.6,4.737969615199619,-0.13796961519961926
5.31,5.326187805250307,-0.01618780525030772
2.29,2.46496021164021,-0.1749602116402098
4.21,4.266704298941802,-0.056704298941801845
7.9,8.622064735449737,-0.7220647354497363
6.06,6.038548003848007,0.02145199615199278
8.71,8.748177380952379,-0.038177380952378215
6.04,6.119885303030305,-0.07988530303030483
4.64,4.861594739519739,-0.2215947395197393
2.8,3.312057528860028,-0.5120575288600282
5.95,6.4351994047619,-0.48519940476190015
5.35,5.738770992063492,-0.38877099206349275
4.78,4.641207189754695,0.1387928102453051
3.43,3.0390595767195756,0.39094042328042455
4.16,3.8150074074074043,0.34499259259259585
3.54,3.1476115873015895,0.3923884126984105
2.07,2.160922605820104,-0.09092260582010425
6.53,6.395378209475711,0.1346217905242897
2.6,2.518198999519002,0.08180100048099792
8.42,8.997664126984125,-0.577664126984125
3.75,4.209719404761904,-0.45971940476190376
5.93,5.4642882407407365,0.4657117592592632
5.85,5.192502487055426,0.6574975129445733
4.41,3.8599144973544974,0.5500855026455027
5.26,5.095165733340735,0.16483426665926437
5.02,5.087041904761903,-0.0670419047619033
3.85,4.096250727513229,-0.24625072751322863
2.57,2.636505,-0.06650500000000026
5.99,5.796274351851852,0.1937256481481482
5.84,5.947483834406333,-0.10748383440633358
7.66,8.086761717171719,-0.4267617171717184
2.53,2.5196362433862447,0.010363756613755104
3.92,4.551820367647057,-0.6318203676470571
4.89,6.326750185185179,-1.4367501851851792
10.41,10.044292817460313,0.3657071825396869
9.43,8.708229523809525,0.7217704761904749
5.92,5.9658228968254,-0.04582289682539997
1.46,2.0458473809523823,-0.5858473809523823
3.66,4.156825753968255,-0.49682575396825523
6.87,6.926816378066373,-0.056816378066373296
4.98,4.819093928571427,0.16090607142857305
5.06,5.111707266714767,-0.05170726671476711
3.63,3.7072610052910044,-0.07726100529100455
5.16,4.77401773809524,0.38598226190476037
4.02,4.201178809523811,-0.1811788095238116
4.97,5.461968651811154,-0.49196865181115434
1.86,2.267594087301586,-0.40759408730158575
5.32,5.180963373015876,0.1390366269841241
4.38,4.0210730627705615,0.35892693722943836
3.6,3.6333655158730176,-0.033365515873017504
5.81,5.690216189273694,0.11978381072630562
6.93,7.088602645502645,-0.15860264550264525
5.26,5.230985873015871,0.029014126984129085
9.14,8.583420548340543,0.5565794516594575
4.82,4.7795487806637835,0.04045121933621676
2.91,2.7311480952380944,0.1788519047619057
2.68,2.1325314102564117,0.5474685897435885
4.15,4.823211483991445,-0.6732114839914445
1.97,2.4584355687830697,-0.4884355687830697
6.11,6.42217198412698,-0.3121719841269801
6.68,6.496457447089946,0.18354255291005384
5.89,5.627064751082256,0.2629352489177439
2.58,2.2967012037037047,0.2832987962962954
8.23,8.258067658730157,-0.028067658730156708
8.22,8.562840515873024,-0.3428405158730232
5.26,5.119434351851852,0.1405656481481481
3.85,3.5547371031746056,0.2952628968253945
7.8,7.879136468253966,-0.07913646825396636
6.05,6.263832103174603,-0.2138321031746031
5.55,5.220348765659666,0.32965123434033394
3.26,2.5022716269841254,0.7577283730158744
4.29,4.231585132275136,0.05841486772486437
4.22,4.200083320105822,0.01991667989417767
7.34,6.890867804232801,0.44913219576719854
3.48,3.456314087301589,0.023685912698411027
2.69,2.790517010582011,-0.10051701058201123
2.75,2.351172843915344,0.39882715608465613
5.74,5.781647500000002,-0.041647500000001614
5.5,4.910328765031261,0.5896712349687387
5.15,5.095603315388313,0.05439668461168701
2.93,3.2495857936507933,-0.3195857936507931
6.56,7.344556018518516,-0.7845560185185168
4.88,5.14066935185185,-0.2606693518518499
2.56,2.4449623809523797,0.11503761904762033
5.32,5.784127654660161,-0.46412765466016115
5.11,5.085575767195766,0.024424232804234336
4.38,4.326683121693118,0.05331687830688203
6.09,5.909738480870981,0.18026151912901867
2.44,2.549765466570467,-0.10976546657046704
9.55,9.39066702380953,0.1593329761904716
4.65,4.900567440476196,-0.2505674404761953
4.12,4.298835238095236,-0.17883523809523627
4.28,4.334347539682544,-0.05434753968254391
2.39,2.191861031746032,0.19813896825396826
3.07,3.414254298941799,-0.34425429894179915
5.96,5.702806667684165,0.2571933323158353
3.04,3.213132023809523,-0.17313202380952308
7.01,7.9541077513227565,-0.9441077513227567
6.64,6.770089484126984,-0.13008948412698462
7.01,7.211248055555555,-0.20124805555555536
3.16,2.8214361111111117,0.33856388888888844
2.54,2.1251069841269814,0.41489301587301863
6.66,6.309728174603167,0.3502718253968329
